{"cameraMode":{"drawMode":0,"name":"Shaded","section":"Shading Mode"},"sceneLighting":false,"audioPlay":false,"sceneViewState":{"m_AlwaysRefresh":false,"showFog":true,"showSkybox":false,"showFlares":true,"showImageEffects":true,"showParticleSystems":true,"showVisualEffectGraphs":true,"m_FxEnabled":true},"in2DMode":false,"pivot":{"x":0.03209567442536354,"y":1.072598934173584,"z":1.2010540962219239},"rotation":{"x":0.32686492800712588,"y":-0.11280929297208786,"z":0.0391787588596344,"w":0.9376553893089294},"size":1.214340329170227,"orthographic":false}