{"cameraMode":{"drawMode":0,"name":"Shaded","section":"Shading Mode"},"sceneLighting":false,"audioPlay":false,"sceneViewState":{"m_AlwaysRefresh":false,"showFog":true,"showSkybox":false,"showFlares":true,"showImageEffects":true,"showParticleSystems":true,"showVisualEffectGraphs":true,"m_FxEnabled":true},"in2DMode":false,"pivot":{"x":-1.4771754741668702,"y":0.3166359066963196,"z":0.5370000004768372},"rotation":{"x":0.3317486643791199,"y":0.06807257980108261,"z":-0.024272188544273378,"w":0.9408626556396484},"size":0.7359645962715149,"orthographic":false}