{"cameraMode":{"drawMode":0,"name":"Shaded","section":"Shading Mode"},"sceneLighting":false,"audioPlay":false,"sceneViewState":{"m_AlwaysRefresh":false,"showFog":true,"showSkybox":false,"showFlares":true,"showImageEffects":true,"showParticleSystems":true,"showVisualEffectGraphs":true,"m_FxEnabled":true},"in2DMode":false,"pivot":{"x":-1.3830006122589112,"y":0.2892141342163086,"z":0.5369997024536133},"rotation":{"x":-0.10449160635471344,"y":0.3314538896083832,"z":0.03682016208767891,"w":0.9371848702430725},"size":0.5173555016517639,"orthographic":false}