{"cameraMode":{"drawMode":0,"name":"Shaded","section":"Shading Mode"},"sceneLighting":false,"audioPlay":false,"sceneViewState":{"m_AlwaysRefresh":false,"showFog":true,"showSkybox":false,"showFlares":true,"showImageEffects":true,"showParticleSystems":true,"showVisualEffectGraphs":true,"m_FxEnabled":true},"in2DMode":false,"pivot":{"x":-0.20893731713294984,"y":0.7575891017913818,"z":2.5615487098693849},"rotation":{"x":0.22561350464820863,"y":0.6056360602378845,"z":-0.18467432260513307,"w":0.7406087517738342},"size":2.8688981533050539,"orthographic":false}