{"cameraMode":{"drawMode":0,"name":"Shaded","section":"Shading Mode"},"sceneLighting":false,"audioPlay":false,"sceneViewState":{"m_AlwaysRefresh":false,"showFog":true,"showSkybox":false,"showFlares":true,"showImageEffects":true,"showParticleSystems":true,"showVisualEffectGraphs":true,"m_FxEnabled":true},"in2DMode":false,"pivot":{"x":0.04699999839067459,"y":1.4320000410079957,"z":-0.017999999225139619},"rotation":{"x":0.004649007692933083,"y":0.9559754729270935,"z":-0.293845534324646,"w":0.01581627130508423},"size":2.2914366722106935,"orthographic":false}